{"cameraMode":{"drawMode":0,"name":"Shaded","section":"Shading Mode"},"sceneLighting":false,"audioPlay":false,"sceneViewState":{"showFog":true,"showMaterialUpdate":true,"showSkybox":false,"showFlares":true,"showImageEffects":true,"showParticleSystems":true},"in2DMode":false,"pivot":{"x":5.300000190734863,"y":4.599999904632568,"z":9.0},"rotation":{"x":0.09755759686231613,"y":0.5836410522460938,"z":-0.07090688496828079,"w":0.8030064702033997},"size":0.1732051968574524,"orthographic":false}