{"cameraMode":{"drawMode":0,"name":"Shaded","section":"Shading Mode"},"sceneLighting":false,"audioPlay":false,"sceneViewState":{"showFog":true,"showMaterialUpdate":true,"showSkybox":false,"showFlares":true,"showImageEffects":true,"showParticleSystems":true},"in2DMode":false,"pivot":{"x":-3.200000047683716,"y":1.4299999475479127,"z":8.649999618530274},"rotation":{"x":0.1810869425535202,"y":0.1367035210132599,"z":-0.025426777079701425,"w":0.9735881090164185},"size":10.0,"orthographic":false}