{"cameraMode":{"drawMode":0,"name":"Shaded","section":"Shading Mode"},"sceneLighting":true,"audioPlay":false,"sceneViewState":{"showFog":true,"showMaterialUpdate":true,"showSkybox":true,"showFlares":true,"showImageEffects":true,"showParticleSystems":true},"in2DMode":false,"pivot":{"x":-4.482820510864258,"y":-12.509393692016602,"z":41.32810592651367},"rotation":{"x":0.24168045818805695,"y":-0.09877284616231919,"z":0.024737423285841943,"w":0.9650007486343384},"size":31.79840850830078,"orthographic":false}