{"cameraMode":{"drawMode":0,"name":"Shaded","section":"Shading Mode"},"sceneLighting":false,"audioPlay":false,"sceneViewState":{"showFog":true,"showMaterialUpdate":false,"showSkybox":false,"showFlares":true,"showImageEffects":true,"showParticleSystems":true},"in2DMode":false,"pivot":{"x":-8.186176300048829,"y":10.772690773010254,"z":-20.922740936279298},"rotation":{"x":0.2796752154827118,"y":-0.2505769729614258,"z":0.07586850970983505,"w":0.9237082600593567},"size":7.658740520477295,"orthographic":true}